Track name,Artist name,Album,Playlist name,Type,ISRC
"REPAIR - Obsessed","","","Liked videos","Favorite",""
"1991 · Alex Hosking - Jungle","","","Liked videos","Favorite",""
"Andromedik · A Little Sound · Basstripper - Sunlight","","","Liked videos","Favorite",""
"Nostalgic Liquid Drum and Bass - Retro Tapes #7 | LiquidHour DnB","","","Liked videos","Favorite",""
"Pendulum - Granite","","","Liked videos","Favorite",""
"Andromedik · Lauren L'aimant - Air","","","Liked videos","Favorite",""
"deadmau5 · Wolfgang Gartner - Channel 43 (Extended Mix)","","","Liked videos","Favorite",""
"IYRE - Where Words Fail","","","Liked videos","Favorite",""
"Polaris - Lessons Learned","","","Liked videos","Favorite",""
"No Mana · i_o - Bad Things","","","Liked videos","Favorite",""
"Floating Points - Vocoder [Club Mix]","","","Liked videos","Favorite",""
"Sub Focus · Grimes - Entwined","","","Liked videos","Favorite",""
"Sub Focus · bbyclose - On & On","","","Liked videos","Favorite",""
"Circadian · Nu-La - ReBirth","","","Liked videos","Favorite",""
"REAPER · Calivania - BLACK FIRES","","","Liked videos","Favorite",""
"Pendulum - Archangel","","","Liked videos","Favorite",""
"Yussi · MAMI - Unforgettable","","","Liked videos","Favorite",""
"DNMO · Wolfy Lights · Blooom - Bombalaya (Blooom Remix)","","","Liked videos","Favorite",""
"Symbiont ft. Kirsten Vaams - Fire & Rain (official video)","","","Liked videos","Favorite",""
"Hybrid Minds · Fred V · Tudor · Lottie Jones - Tides","","","Liked videos","Favorite",""
"Etherwood · Hugh Hardie - TANGARA","","","Liked videos","Favorite",""
"Culture Shock · YOU · James Willoughby Pountney · Josh Record · Andrew Bullimore - Universe","","","Liked videos","Favorite",""
"Pendulum - Driver","","","Liked videos","Favorite",""
"The Chemical Brothers - Block Rockin' Beats (Radio Edit)","","","Liked videos","Favorite",""
"Hyper - We Control","","","Liked videos","Favorite",""
"Pendulum - Slam","","","Liked videos","Favorite",""
"The Prodigy - You'll Be UNDER MY WHEELS","","","Liked videos","Favorite",""
"The Prodigy - More Girls","","","Liked videos","Favorite",""
"Netsky · Andromedik - Out of Body","","","Liked videos","Favorite",""
"Dimension · Alison Wonderland - Satellite","","","Liked videos","Favorite",""
"Pendulum · Armin van Buuren · Rob Swire - Sound of You","","","Liked videos","Favorite",""
"Diablo - Tristram Theme (Gingertail Cover)","","","Liked videos","Favorite",""
"Igor Orozovič - Vániční píseň (oficiální video)","","","Liked videos","Favorite",""
"Womack & Womack · Rules - Teardrops (Rules Remix)","","","Liked videos","Favorite",""
"Underworld - Ring Road","","","Liked videos","Favorite",""
"Tinlicker - Perfect Mistake","","","Liked videos","Favorite",""
"Ermo Slim - The Victory","","","Liked videos","Favorite",""
"Jones Meadow - Paint","","","Liked videos","Favorite",""
"Venjent - Suffering Silence","","","Liked videos","Favorite",""
"Petit Biscuit · Lizzy Land - Everything In Its Right Place","","","Liked videos","Favorite",""
"Casmalia · Max Low - Everybody","","","Liked videos","Favorite",""
"Wuki - Sunshine (My Girl)","","","Liked videos","Favorite",""
"Venjent - Take Your Own Advice","","","Liked videos","Favorite",""
"Chase & Status · Stormzy - BACKBONE","","","Liked videos","Favorite",""
"Metrik · Rou Reynolds · Filthy Pig · Enter Shikari - Hole","","","Liked videos","Favorite",""
"Tantron · Grace Barton - OVERLOAD","","","Liked videos","Favorite",""
"Sigma · SACHA - ONLY YOU","","","Liked videos","Favorite",""
"Delta Heavy - Vandal","","","Liked videos","Favorite",""
"Dezko · Cristian Camilo Suárez Molano - Ascend (My Mind Edit)","","","Liked videos","Favorite",""
"Camo & Krooked · Tiga · Zyntherius - Sunglasses At Night","","","Liked videos","Favorite",""
"I got you, Babe by Sonny and Cher (studio version with lyrics!)","","","Liked videos","Favorite",""
"Jamie Berry - Out Of My Mind (ft. Mickey Mouse)","","","Liked videos","Favorite",""
"""SING, SING, SING"" BY BENNY GOODMAN","","","Liked videos","Favorite",""
"Armin van Buuren - Lose This Feeling (Dimension Extended Remix)","","","Liked videos","Favorite",""
"Armin van Buuren · Punctual · Alika - On & On","","","Liked videos","Favorite",""
"Electro Swing Dance Freestyle: Saturday Night, Wolfgang Lohr Feat. Nina Zeitlin #neoswing","","","Liked videos","Favorite",""
"Odd Chap - Worldwide (Music Video) - Electro Swing - NEILAND","","","Liked videos","Favorite",""
"Electro Swing Dance: WhyNot // Caravan Palace - Black Betty","","","Liked videos","Favorite",""
"Electro Swing Dance: GianmyDance // Betty Booom feat. Slim Khezri & The Hebbe Sisters - Billie Jean","","","Liked videos","Favorite",""
"Sven Otten (JustSomeMotion) - Parov Stelar - All Night - #neoswing","","","Liked videos","Favorite",""
"The Swing Bot - Shake Like It's Coming On","","","Liked videos","Favorite",""
"Swingrowers - No Strings Attached","","","Liked videos","Favorite",""
"Pisk - Minnie the Moocher","","","Liked videos","Favorite",""
"Parov Stelar - Catgroove","","","Liked videos","Favorite",""
"Swing Republic - Back in Time","","","Liked videos","Favorite",""
"Deladap - Dirty Jazz","","","Liked videos","Favorite",""
"Nina Simone - Sinnerman (Jacob Adan Remix) #DeepHouse","","","Liked videos","Favorite",""
"Pisk - Black Coffee","","","Liked videos","Favorite",""
"The Electric Swing Circus - Bella Belle","","","Liked videos","Favorite",""
"Parov Stelar - Libella Swing (Extended)","","","Liked videos","Favorite",""
"Jack Back · Cevin Fisher - 2000 Freaks Come Out","","","Liked videos","Favorite",""
"Anabel Englund - King Size","","","Liked videos","Favorite",""
"Spada - Cold Water","","","Liked videos","Favorite",""
"Elderbrook · Louis The Child - Dominoes","","","Liked videos","Favorite",""
"upsidedownhead - hold on","","","Liked videos","Favorite",""
"HAYLA - Fall Again","","","Liked videos","Favorite",""
"John Summit · HAYLA - Where You Are","","","Liked videos","Favorite",""
"Astrality · FLORES - Bloom","","","Liked videos","Favorite",""
"Liquid Stranger, LSDREAM - Take A Trip [OFFICIAL VISUALIZER]","","","Liked videos","Favorite",""
"Caravan Palace - Wonderland","","","Liked videos","Favorite",""
"Caravan Palace - Dragons","","","Liked videos","Favorite",""
"Etherwood - American Fruity","","","Liked videos","Favorite",""
"Nox Vahn · Marsh - Prospect (Extended Mix)","","","Liked videos","Favorite",""
"Nox Vahn · Marsh · Mimi Page - Follow Me (Extended Mix)","","","Liked videos","Favorite",""
"Nox Vahn · Marsh - Come Together (Mixed)","","","Liked videos","Favorite",""
"Wilkinson · Camo & Krooked · Mefjus · ILIRA - Lose Control (feat. ILIRA)","","","Liked videos","Favorite",""
"Parov Stelar - Catgroove (Club Version)","","","Liked videos","Favorite",""
"Caravan Palace - Moonshine","","","Liked videos","Favorite",""
"Andromedik - With You","","","Liked videos","Favorite",""
"Blaine Stranger - NEV3R","","","Liked videos","Favorite",""
"Delta Heavy - Ecstasy","","","Liked videos","Favorite",""
"Noisia - Motion Blur","","","Liked videos","Favorite",""
"Culture Shock - Neighbourhood","","","Liked videos","Favorite",""
"Buku - Front To Back","","","Liked videos","Favorite",""
"Avicii · Sandro Cavazza - Without You","","","Liked videos","Favorite",""
"Shouse - Love Tonight (David Guetta Remix)","","","Liked videos","Favorite",""
"DVBBS · Borgeous - Tsunami (Radio Edit)","","","Liked videos","Favorite",""
"Deorro · Chris Brown - Five More Hours","","","Liked videos","Favorite",""
"Buku - Front To Back (Bassnectar Extended Remix)","","","Liked videos","Favorite",""
"Supermode · 1991 - Tell Me Why (1991 Remix)","","","Liked videos","Favorite",""
"Jan Blomqvist · Rodriguez Jr. - Destination Lost (Arodes Remix)","","","Liked videos","Favorite",""
"Mat Zo & Arty - Mozart (Radio Edit)","","","Liked videos","Favorite",""
"Night Tales - Lovesong","","","Liked videos","Favorite",""
"EMBRZ - Heal","","","Liked videos","Favorite",""
"Sultan + Shepard · LANKS - Highest Love","","","Liked videos","Favorite",""
"Durante · Running Touch - Remedy","","","Liked videos","Favorite",""
"Alok · Ella Eyre · Kenny Dope · Never Dull - Deep Down","","","Liked videos","Favorite",""
"Wilkinson · NORTH - Balance","","","Liked videos","Favorite",""
"Bare Up · Anthony Kiedis · Chad Smith · Flea · John Frusciante - Can't Stop","","","Liked videos","Favorite",""
"Elvis Presley · JXL - A Little Less Conversation (JXL Radio Edit Remix)","","","Liked videos","Favorite",""
"John Summit · Sub Focus · Julia Church - Go Back","","","Liked videos","Favorite",""
"Sub Focus · bbyclose - On & On","","","Liked videos","Favorite",""
"Rusko - Rubix Cube","","","Liked videos","Favorite",""
"Kabin Crew · Lisdoonvarna Crew - The Spark","","","Liked videos","Favorite",""
"Blaine Stranger - Bad Hook","","","Liked videos","Favorite",""
"Tinlicker - Who I'm Not (feat. Cloves)","","","Liked videos","Favorite",""
"Korolova · Ekko - Shining","","","Liked videos","Favorite",""
"Carlita · SG Lewis - The Moment","","","Liked videos","Favorite",""
"Ross Quinn · Punctual · Romain Garcia - Omen (Romain Garcia Remix)","","","Liked videos","Favorite",""
"LP Giobbi · Jacob Banks - Feel","","","Liked videos","Favorite",""
"K POD - Swish (Original Mix)","","","Liked videos","Favorite",""
"Kanine - Chemicals","","","Liked videos","Favorite",""
"Anderholm - Running Miles","","","Liked videos","Favorite",""
"Ahmed Spins · Stevo Atambire - Anchor Point","","","Liked videos","Favorite",""
"Robby East · Tailor - Holding Ground","","","Liked videos","Favorite",""
"Enfant Sauvage · Møme - Behind The Line","","","Liked videos","Favorite",""
"RY X · Jan Blomqvist · Ry Cuming · Gene Evaro Jr - All I Have (Jan Blomqvist Remix)","","","Liked videos","Favorite",""
"Bonobo - Rosewood","","","Liked videos","Favorite",""
"Vegyn - Makeshift Tourniquet","","","Liked videos","Favorite",""
"Underworld - Kittens","","","Liked videos","Favorite",""
"Nils Hoffmann - Afterglow","","","Liked videos","Favorite",""
"Emmit Fenn · Shallou - Hollow","","","Liked videos","Favorite",""
"Jon Hopkins - Sleepwalker","","","Liked videos","Favorite",""
"Lynnic · ItsArius · Dinia - With You (Afro House Extended Mix)","","","Liked videos","Favorite",""
"Danijel Kostic - My Own Road (Original Club Mix)","","","Liked videos","Favorite",""
"NOTSOBAD · MA:RK - Let It Go","","","Liked videos","Favorite",""
"Zakes Bantwini · Kasango - Osama","","","Liked videos","Favorite",""
"KLANGPHONICS - Full Performance (Live at A38, Budapest)","","","Liked videos","Favorite",""
"Venjent - Drum & Bass Dishwasher","","","Liked videos","Favorite",""
"Adriatique · WhoMadeWho - Miracle","","","Liked videos","Favorite",""
"Andrew Bayer · Alison May - Midnight","","","Liked videos","Favorite",""
"Justice · The Flints - Mannequin Love","","","Liked videos","Favorite",""
"Bob Moses - Tearing Me Up (RAC Mix)","","","Liked videos","Favorite",""
"1991 · Poppy Baskcomb - Horizon","","","Liked videos","Favorite",""
"Charlotte Haining - Sinner (Extended)","","","Liked videos","Favorite",""
"Smooth - Trajectory","","","Liked videos","Favorite",""
"Tinlicker · Jamie Irrepressible - You Take My Hand","","","Liked videos","Favorite",""
"Rezident · Ekko - Only For A Moment (Extended Mix)","","","Liked videos","Favorite",""
"EMBRZ - Hypnotise","","","Liked videos","Favorite",""
"Radiohead - Everything In Its Right Place","","","Liked videos","Favorite",""
"Bonobo - Silver","","","Liked videos","Favorite",""
"Duke Boara - Wairau Bay","","","Liked videos","Favorite",""
"Aktive - Higher","","","Liked videos","Favorite",""
"Massane - Back Together","","","Liked videos","Favorite",""
"Manic Focus - Buoyant","","","Liked videos","Favorite",""
"Jon Hopkins - Dawn Chorus","","","Liked videos","Favorite",""
"Telomic · Maduk - Stay Like This (Telomic Remix)","","","Liked videos","Favorite",""
"NTO · Sofiane Pamart - Explore Yourself","","","Liked videos","Favorite",""
"nimino - I Only Smoke When I Drink","","","Liked videos","Favorite",""
"Aaron Hibell · Alex Wann - set me free","","","Liked videos","Favorite",""
"Lane 8 · Kasablanca - Run (Kasablanca VIP)","","","Liked videos","Favorite",""
"Justice · Tame Impala - Neverender","","","Liked videos","Favorite",""
"RÜFÜS DU SOL - Eyes","","","Liked videos","Favorite",""
"Boxplot - Human Again","","","Liked videos","Favorite",""
"Koven · Circadian - The Outlines","","","Liked videos","Favorite",""
"Igor Orozovič – Madamme de Janjour #igororozovic #janzurka #madammedejanjour #1","","","Liked videos","Favorite",""
"Armin van Buuren - Lose This Feeling (Dimension Remix)","","","Liked videos","Favorite",""
"Hyper - Spoiler (Original Mix)","","","Liked videos","Favorite",""
"Tantrum Desire · Matrix & Futurebound - The Shadows","","","Liked videos","Favorite",""
"Issey Cross - Bittersweet Goodbye (Lens Remix)","","","Liked videos","Favorite",""
"The Prodigy - Timebomb Zone","","","Liked videos","Favorite",""
"RÜFÜS DU SOL - On My Knees (Adriatique Remix)","","","Liked videos","Favorite",""
"Chase & Status · Hedex · ArrDee - Liquor & Cigarettes","","","Liked videos","Favorite",""
"Becky Hill · Chase & Status - Disconnect","","","Liked videos","Favorite",""
"Fred again.. · Baby Keem - leavemealone","","","Liked videos","Favorite",""
"Pythius · REEBZ - In My Head","","","Liked videos","Favorite",""
"Pola & Bryson · Emily Makis - Phoneline","","","Liked videos","Favorite",""
"Shnooks - Yom Hashishi (shnooks edit)","","","Liked videos","Favorite",""
"Sunlounger · Betafish - Beachwalk (Club Mix)","","","Liked videos","Favorite",""
"Jan Blomqvist · Rodriguez Jr. - Destination Lost","","","Liked videos","Favorite",""
"Sultan + Shepard · Julia Church - All I Know (Ashibah Remix)","","","Liked videos","Favorite",""
"Metrik · Justin Hawkes · Reija Lee - Freefall (Justin Hawkes Remix)","","","Liked videos","Favorite",""
"Sultan + Shepard · Elderbrook - I'll Be Here (Extended Mix)","","","Liked videos","Favorite",""
"Metrik - Thunderblade","","","Liked videos","Favorite",""
"Dakku - Anyway","","","Liked videos","Favorite",""
"Flite · Justin Hawkes - Colorless (Original Mix)","","","Liked videos","Favorite",""
"Bicep - Opal","","","Liked videos","Favorite",""
"Caravan Palace - Miracle","","","Liked videos","Favorite",""
"Dallerium · Olive - How Do I Sleep Now","","","Liked videos","Favorite",""
"Swedish House Mafia · Niki & The Dove - Lioness","","","Liked videos","Favorite",""
"Dezko · Cristian Camilo Suárez Molano - Ascend","","","Liked videos","Favorite",""
"Feder · Lyse - Goodbye (feat. Lyse) (Radio Edit)","","","Liked videos","Favorite",""
"Sultan + Shepard - Bracket Burst (Extended Mix)","","","Liked videos","Favorite",""
"Synergy · Lauren L'aimant - Where You Belong","","","Liked videos","Favorite",""
"Phantoms · Jem Cooke - Lay It All On Me","","","Liked videos","Favorite",""
"Kanine - Get Down","","","Liked videos","Favorite",""
"Nora En Pure - Dry Sobbing","","","Liked videos","Favorite",""
"Augan - Love","","","Liked videos","Favorite",""
"Technimatic - Breath Sequence (Bonus Track)","","","Liked videos","Favorite",""
"Jason Derulo · Snoop Dogg - Wiggle (feat. Snoop Dogg)","","","Liked videos","Favorite",""
"Nils Hoffmann · Natascha Polké - Cranes","","","Liked videos","Favorite",""
"Breathe Carolina · Shanahan · Haliene - Stars & Moon (Xilent Remix)","","","Liked videos","Favorite",""
"Loadstar - Run Down (Control)","","","Liked videos","Favorite",""
"Above & Beyond · Zoë Johnston - You Got To Go (Seven Lions Remix)","","","Liked videos","Favorite",""
"CloZee - Arena","","","Liked videos","Favorite",""
"Technimatic · Ruth Royall - Help You Stay","","","Liked videos","Favorite",""
"Tokyo Machine - Hype","","","Liked videos","Favorite",""
"Tokyo Machine - Pixel","","","Liked videos","Favorite",""
"Muzzy - Endgame","","","Liked videos","Favorite",""
"Lick - REBEL","","","Liked videos","Favorite",""
"Extra Terra - Agent Smith","","","Liked videos","Favorite",""
"Technimatic - Everlasting (Original Mix)","","","Liked videos","Favorite",""
"Tantrum Desire - Rhythm","","","Liked videos","Favorite",""
"Koven - Never Have I Felt This (VIP)","","","Liked videos","Favorite",""
"Venjent · Biometrix - Negroani","","","Liked videos","Favorite",""
"Venjent - Laser Grave","","","Liked videos","Favorite",""
"Venjent - Zone","","","Liked videos","Favorite",""
"VisionV - Dancing Thing","","","Liked videos","Favorite",""
"NFS III song: Little Sweaty Sow (Hometown & Country Woods Rock ver.)","","","Liked videos","Favorite",""
"Jamie Berry - Sweet Rascal","","","Liked videos","Favorite",""
"Tape Five - Geraldines Routine","","","Liked videos","Favorite",""
"Jamie Berry · Robert Edwards · Andrew Griffiths · Octavia Rose - Light up the Night","","","Liked videos","Favorite",""
"Jamie Berry · Octavia Rose - Lost In The Rhythm","","","Liked videos","Favorite",""
"Delta Heavy · Cameron Warren - Bad Decisions","","","Liked videos","Favorite",""
"Kanine - Set It Off","","","Liked videos","Favorite",""
"Songer · Phibes - Toxic (Phibes Remix)","","","Liked videos","Favorite",""
"Andromedik · MC Stretch - To The Dark","","","Liked videos","Favorite",""
"Kanine · Gracie Van Brunt - Deep Blue","","","Liked videos","Favorite",""
"Camo & Krooked · Sophie Lindinger · Mefjus - No Tomorrow (P Money x Whiney Remix) (feat. Sophie Lindinger, Mefjus)","","","Liked videos","Favorite",""
"Culture Shock · James Pountney · Samantha Louise Harper - Breathe","","","Liked videos","Favorite",""
"Camo & Krooked · Mefjus · Joe Killington - Pray For Me (feat. Joe Killington)","","","Liked videos","Favorite",""
"Polygon · Rhode - It's Over","","","Liked videos","Favorite",""
"Jake Jeffery - Told You","","","Liked videos","Favorite",""
"Polar Inc. - Regal","","","Liked videos","Favorite",""
"Tinlicker - Dream With Somebody (Mixed)","","","Liked videos","Favorite",""
"Friction - Supersonic (Basstripper Remix)","","","Liked videos","Favorite",""
"Bob Moses - The Blame (Helsloot Remix)","","","Liked videos","Favorite",""
"Emmit Fenn · Rebūke - The Chase (Rebūke Remix)","","","Liked videos","Favorite",""
"Venjent - Belong","","","Liked videos","Favorite",""
"Dimension - DJ Turn It Up","","","Liked videos","Favorite",""
"No Etiquette - Control","","","Liked videos","Favorite",""
"1991 - Chant","","","Liked videos","Favorite",""
"The Caracal Project · Camo & Krooked - While you count down.","","","Liked videos","Favorite",""
"Camo & Krooked · Mefjus - Nebula","","","Liked videos","Favorite",""
"Venjent - Flowin' with the Vibe","","","Liked videos","Favorite",""
"ISOxo · Julian Isorena - IGNORANT","","","Liked videos","Favorite",""
"Venjent - Moving On","","","Liked videos","Favorite",""
"Venjent - Moving On","","","Liked videos","Favorite",""
"Tantrum Desire - Cluster","","","Liked videos","Favorite",""
"TWO LANES - Searching","","","Liked videos","Favorite",""
"Hosini - Flyga","","","Liked videos","Favorite",""
"Amtrac · Caleb Cornett - Just","","","Liked videos","Favorite",""
"Ben Böhmer & Timo Jahns - Lifespan","","","Liked videos","Favorite",""
"Venjent - Wearing the Bass","","","Liked videos","Favorite",""
"Duke Boara - Rain","","","Liked videos","Favorite",""
"Durante - Soul Spiral (Extended Mix)","","","Liked videos","Favorite",""
"ZHU · Kasbo · Yuna - Sky Is Crying (Kasbo Remix)","","","Liked videos","Favorite",""
"The Knocks · Parson James - River (feat. Parson James)","","","Liked videos","Favorite",""
"Duke Boara - Talking To Strangers","","","Liked videos","Favorite",""
"Ben Böhmer - Promise You","","","Liked videos","Favorite",""
"ODESZA · Ólafur Arnalds - Light Of Day (feat. Ólafur Arnalds)","","","Liked videos","Favorite",""
"Shallou · ayokay - Us","","","Liked videos","Favorite",""
"Sultan + Shepard - Vahé","","","Liked videos","Favorite",""
"Lane 8 · Arctic Lake - Road","","","Liked videos","Favorite",""
"Shallou - Save Some Room","","","Liked videos","Favorite",""
"Bob Moses - Hanging On","","","Liked videos","Favorite",""
"The Blaze - LULLABY","","","Liked videos","Favorite",""
"Swedish House Mafia · Moojo · Connie Constance - Heaven Takes You Home (Moojo Remix)","","","Liked videos","Favorite",""
"Robby East · Tailor - Holding Ground (Extended Mix)","","","Liked videos","Favorite",""
"NTO - Alter Ego","","","Liked videos","Favorite",""
"RÜFÜS DU SOL - Always (Monkey Safari Remix)","","","Liked videos","Favorite",""
"Chase & Status · Bou · IRAH · Flowdan · Trigga · Takura - Baddadan (Extended Mix)","","","Liked videos","Favorite",""
"Ben Böhmer - Beyond Beliefs","","","Liked videos","Favorite",""
"Nils Hoffmann - Drift (Ben Bohmer Remix)","","","Liked videos","Favorite",""
"Elderbrook - Old Friend","","","Liked videos","Favorite",""
"Odd Mob · Subsonic - LEFT TO RIGHT (Subsonic Remix)","","","Liked videos","Favorite",""
"RÜFÜS DU SOL - No Place","","","Liked videos","Favorite",""
"Polygon · Lois Lauri - High","","","Liked videos","Favorite",""
"The Blaze - TERRITORY","","","Liked videos","Favorite",""
"Culture Shock - Deconstruct","","","Liked videos","Favorite",""
"Metrik - Abyss","","","Liked videos","Favorite",""
"Monolink · Parra for Cuva - Turning Away (Parra for Cuva Remix)","","","Liked videos","Favorite",""
"Tinlicker - Healing Forest","","","Liked videos","Favorite",""
"BCee · Charlotte Haining - The Hills (Krakota Remix)","","","Liked videos","Favorite",""
"Neonlight - Ultraviolet (Prolix Remix)","","","Liked videos","Favorite",""
"Andromedik · Patch Edison - You & I","","","Liked videos","Favorite",""
"Kanine · A Little Sound - Back In Time VIP","","","Liked videos","Favorite",""
"Camo & Krooked · Mira Lu Kovacs - No Way Out (feat. Mira Lu Kovacs) (MODIFIED)","","","Liked videos","Favorite",""
"Grafix - Dance All Day","","","Liked videos","Favorite",""
"Sub Focus · Metrik - Trip","","","Liked videos","Favorite",""
"Sub Focus · Wilkinson - Rock It (Wilkinson Remix)","","","Liked videos","Favorite",""
"Basstripper - In The City (Official Visualiser)","","","Liked videos","Favorite",""
"Charlotte Plank - Rage","","","Liked videos","Favorite",""
"Campbell · Alcemist - Would You (go to bed with me?)","","","Liked videos","Favorite",""
"Culture Shock - Get Physical","","","Liked videos","Favorite",""
"Rockwell - Vent (Original Mix)","","","Liked videos","Favorite",""
"Fracture - Graveyard Slot","","","Liked videos","Favorite",""
"Basstripper - In The City","","","Liked videos","Favorite",""
"Lost Frequencies · Andromedik · Bonn - The Feeling (Lost Frequencies & Andromedik Deluxe Mix)","","","Liked videos","Favorite",""
"D.O.D - So Much In Love (Sub Focus Remix)","","","Liked videos","Favorite",""
"Chase & Status · Bou · IRAH · Flowdan · Trigga · Takura - Baddadan","","","Liked videos","Favorite",""
"Becky Hill · Chase & Status - Disconnect","","","Liked videos","Favorite",""
"Kanine - Light It Up","","","Liked videos","Favorite",""
"Freaks & Geeks - Freefalling","","","Liked videos","Favorite",""
"Fred V & Grafix - Hydra (Chords Remix)","","","Liked videos","Favorite",""
"Monkey Safari, Joris Voorn - Safe Joris Voorn Remix","","","Liked videos","Favorite",""
"Andromedik - Close To Me","","","Liked videos","Favorite",""
"Haywyre - Chromatically","","","Liked videos","Favorite",""
"Technimatic · Lucy Kitchen - Secret Smile (feat. Lucy Kitchen)","","","Liked videos","Favorite",""
"Perplex - Brace Yourself [Free Download]","","","Liked videos","Favorite",""
"Aktive - Touch","","","Liked videos","Favorite",""
"Prolix · Black Sun Empire - The Message VIP","","","Liked videos","Favorite",""
"Prolix - Beyond The Satellite","","","Liked videos","Favorite",""
"Aktive - Tell Me","","","Liked videos","Favorite",""
"Max Cooper - Perpetual Motion","","","Liked videos","Favorite",""
"Something Good · Yotto · Sansa - Before Dawn","","","Liked videos","Favorite",""
"Wilkinson · ILIRA · iiola · Tom Cane - Infinity (feat. ILIRA, iiola & Tom Cane)","","","Liked videos","Favorite",""
"Gancher & Ruin - Gangsta","","","Liked videos","Favorite",""
"Gancher & Ruin featuring Jade - Jump!","","","Liked videos","Favorite",""
"Gancher & Ruin - Shockwave","","","Liked videos","Favorite",""
"Gancher & Ruin - Interceptor","","","Liked videos","Favorite",""
"Gancher & Ruin - Kickback","","","Liked videos","Favorite",""
"Maduk - Never Give Up","","","Liked videos","Favorite",""
"Friction · JP Cooper - Dancing","","","Liked videos","Favorite",""
"Swedish House Mafia · Connie Constance - Heaven Takes You Home","","","Liked videos","Favorite",""
"Calvin Harris · Ayah Marar - Thinking About You","","","Liked videos","Favorite",""
"Eric Prydz - Call on Me (Radio Mix)","","","Liked videos","Favorite",""
"Duke Dumont · Jax Jones - I Got U","","","Liked videos","Favorite",""
"Galantis - No Money","","","Liked videos","Favorite",""
"Kungs · Cookin' On 3 Burners - This Girl (Kungs Vs. Cookin' On 3 Burners)","","","Liked videos","Favorite",""
"Avicii - Waiting For Love","","","Liked videos","Favorite",""
"Supermode - Tell Me Why (OFFICIAL VIDEO)","","","Liked videos","Favorite",""
"Hot Since 82 · Jem Cooke - Buggin' (Edit)","","","Liked videos","Favorite",""
"CamelPhat · Elderbrook - Cola","","","Liked videos","Favorite",""
"Eli & Fur - You're so High","","","Liked videos","Favorite",""
"Frost - We Call It House","","","Liked videos","Favorite",""
"Rihanna · Calvin Harris - We Found Love (Album Version)","","","Liked videos","Favorite",""
"Aluna · Tchami · Kareen Lomax - Running Blind (feat. Tchami & Kareen Lomax)","","","Liked videos","Favorite",""
"Hannah Wants · Chris Lorenzo - Rhymes","","","Liked videos","Favorite",""
"Crazibiza · House of Prayers - Fresh (House of Prayers Poolside Edit)","","","Liked videos","Favorite",""
"Supermode - Tell Me Why (MEDUZA Remix)","","","Liked videos","Favorite",""
"Mau P - Drugs From Amsterdam","","","Liked videos","Favorite",""
"Bob Sinclar · Steve Edwards · Christophe Le Friant · Christophe Le Friant · Michael Tordjman · FISHER - World Hold On (feat. Steve Edwards) (FISHER Rework)","","","Liked videos","Favorite",""
"Wuki - Sunshine (My Girl)","","","Liked videos","Favorite",""
"Maroon 5 - Payphone (NORTKASH Remix)","","","Liked videos","Favorite",""
"Rihanna - S&M (NORTKASH & 5ROCK Remix)","","","Liked videos","Favorite",""
"Groovejet (If This Ain't Love) - Spiller Feat. Sophie Ellis-Bextor","","","Liked videos","Favorite",""
"Madison Avenue - Don't Call Me Baby (Original Mix)","","","Liked videos","Favorite",""
"Gadjo · Alexandra Prince - So Many Times (Extended Mix)","","","Liked videos","Favorite",""
"Silicone Soul - Right On, Right On","","","Liked videos","Favorite",""
"Calvin Harris · Alesso · Hurts - Under Control","","","Liked videos","Favorite",""
"Galantis - Runaway (U & I)","","","Liked videos","Favorite",""
"Deorro - Five Hours","","","Liked videos","Favorite",""
"FISHER - Losing It","","","Liked videos","Favorite",""
"LUM!X · Gabry Ponte - Monster","","","Liked videos","Favorite",""
"ACRAZE · Cherish - Do It To It","","","Liked videos","Favorite",""
"Calvin Harris - Summer","","","Liked videos","Favorite",""
"James Hype · Miggy Dela Rosa - Ferrari","","","Liked videos","Favorite",""
"Dynoro · Gigi D'Agostino - In My Mind","","","Liked videos","Favorite",""
"Diplo · SIDEPIECE - On My Mind","","","Liked videos","Favorite",""
"Baauer - Let Me Love U","","","Liked videos","Favorite",""
"Bicep - Opal (Four Tet Remix)","","","Liked videos","Favorite",""
"BCee · L.I.T.A. - Hold Me","","","Liked videos","Favorite",""
"Elderbrook · Tourist - Howl","","","Liked videos","Favorite",""
"TRIBU · Calixte - Sweet Disposition (Vijay & Sofia Extended Mix)","","","Liked videos","Favorite",""
"Ghost Data · Kindrid - The Twisted Spire","","","Liked videos","Favorite",""
"RÜFÜS DU SOL - Innerbloom","","","Liked videos","Favorite",""
"Fatboy Slim - Right Here, Right Now","","","Liked videos","Favorite",""
"Kasra · Slay - Let It Slide","","","Liked videos","Favorite",""
"Kaskade - Nobody Like You (Sun Soaked Mix)","","","Liked videos","Favorite",""
"Kaskade - 4 AM (Adam K & Soha Mix)","","","Liked videos","Favorite",""
"Solomun - The Center Will Not Hold","","","Liked videos","Favorite",""
"Solomun - Home","","","Liked videos","Favorite",""
"Austin Millz · Sabrina Claudio - Inhale / Exhale (with Sabrina Claudio) (VIP)","","","Liked videos","Favorite",""
"Au/Ra · CamelPhat - Panic Room","","","Liked videos","Favorite",""
"Kölsch & Tiga - HAL","","","Liked videos","Favorite",""
"AVAION · HÜMAN - Hiding (HÜMAN Remix)","","","Liked videos","Favorite",""
"Ben Böhmer · Felix Raphael - One Last Call","","","Liked videos","Favorite",""
"Samm (BE) · Ajna (BE) · Ajna (BE) - Does It Matter (Ajna (BE) Remix)","","","Liked videos","Favorite",""
"&ME · Black Coffee - The Rapture Pt.III","","","Liked videos","Favorite",""
"deadmau5 - Some Chords","","","Liked videos","Favorite",""
"deadmau5 · Kaskade · Kx5 · Hayla · John Summit · Ryan Raddon · Joel Zimmerman · Eddie Jenkins · Camden Cox · Hayley Phillips · Will Clarke - Escape (John Summit Remix)","","","Liked videos","Favorite",""
"Kaskade · deadmau5 - Move for Me (Extended Mix)","","","Liked videos","Favorite",""
"deadmau5 · SOFI - SOFI Needs A Ladder","","","Liked videos","Favorite",""
"deadmau5 - Strobe","","","Liked videos","Favorite",""
"deadmau5 · Rob Swire - Ghosts 'n' Stuff","","","Liked videos","Favorite",""
"Kx5 · deadmau5 · Kaskade · Hayla · Joel Zimmerman · Ryan Raddon · Eddie Jenkins · Camden Cox · Hayley Philippa Williams · Will Clarke - Escape","","","Liked videos","Favorite",""
"Kaskade · deadmau5 - I Remember","","","Liked videos","Favorite",""
"Knife Party - Internet Friends","","","Liked videos","Favorite",""
"Knife Party - Bonfire","","","Liked videos","Favorite",""
"deadmau5 · Wolfgang Gartner - Animal Rights","","","Liked videos","Favorite",""
"Wolfgang Gartner - Wolfgang's 5th Symphony","","","Liked videos","Favorite",""
"Mord Fustang - The Electric Dream (Original Mix)","","","Liked videos","Favorite",""
"Mord Fustang - Lick The Rainbow (Original Mix)","","","Liked videos","Favorite",""
"Mord Fustang - Windwaker (Original Mix)","","","Liked videos","Favorite",""
"Nora En Pure - Life on Hold (Extended Mix)","","","Liked videos","Favorite",""
"Nora En Pure - Oblivion","","","Liked videos","Favorite",""
"Nora En Pure - Gratitude","","","Liked videos","Favorite",""
"Yotto - Cooper's Cup","","","Liked videos","Favorite",""
"Yotto - Radiate","","","Liked videos","Favorite",""
"YOTTO · Laudic - Skin","","","Liked videos","Favorite",""
"Cristoph · FEMME - Alone (feat. FEMME)","","","Liked videos","Favorite",""
"Cristoph · Yotto · Sansa - Out Of Reach (feat. Sansa)","","","Liked videos","Favorite",""
"Monolink - The Prey (Gui Boratto & Vintage Culture Remix)","","","Liked videos","Favorite",""
"Monolink - Father Ocean (Ben Böhmer Remix)","","","Liked videos","Favorite",""
"Monolink - Sirens (Extended Version)","","","Liked videos","Favorite",""
"Monolink - Otherside (Fideles Remix)","","","Liked videos","Favorite",""
"Monolink - Return to Oz (ARTBAT Remix)","","","Liked videos","Favorite",""
"Lane 8 feat. Solomon Grey - Diamonds","","","Liked videos","Favorite",""
"Lane 8 · Massane - And We Knew It Was Our Time","","","Liked videos","Favorite",""
"Lane 8 · Kasablanca - Run","","","Liked videos","Favorite",""
"Lane 8 - Fingerprint","","","Liked videos","Favorite",""
"Lane 8 - Watermelon Wormhole","","","Liked videos","Favorite",""
"Franky Wah · Olive - You're Not Alone","","","Liked videos","Favorite",""
"Franky Wah · Robinson and The Romantics - Hide","","","Liked videos","Favorite",""
"Franky Wah · LOWES - Not In Love","","","Liked videos","Favorite",""
"Cristoph · Franky Wah · Artche - The World You See","","","Liked videos","Favorite",""
"Sultan + Shepard - Indigo","","","Liked videos","Favorite",""
"Sultan + Shepard - September Everywhere","","","Liked videos","Favorite",""
"Sultan + Shepard - Ayla","","","Liked videos","Favorite",""
"Sultan + Shepard · Shallou - Raye","","","Liked videos","Favorite",""
"Sultan + Shepard · Angela McCluskey - More Than You Ever Know","","","Liked videos","Favorite",""
"Le Youth · Sultan + Shepard · Panama - New Love (Extended Mix)","","","Liked videos","Favorite",""
"Sultan + Shepard - Salta","","","Liked videos","Favorite",""
"Sultan + Shepard - Assassin","","","Liked videos","Favorite",""
"Lane 8 · Avoure - Let Me (ABGT281)","","","Liked videos","Favorite",""
"Avoure - This Time","","","Liked videos","Favorite",""
"Avoure - Voile","","","Liked videos","Favorite",""
"Avoure - Floyd","","","Liked videos","Favorite",""
"Avoure - Ray","","","Liked videos","Favorite",""
"Booka Shade · Eli & Fur · Walter Merziger · Arno Kammermeier · Eliza Dodd-Noble · Jennifer Milne-Skillman · Walter Merziger · Arno Kammermeier · Eliza Dodd-Noble · Jennifer Milne-Skillman · Einmusik · Ben BöhmerEinmusik · Einmusik - To the Sea (Einmusik Remix)","","","Liked videos","Favorite",""
"Nils Hoffmann · Panama - Far Behind","","","Liked videos","Favorite",""
"Nils Hoffmann · Kasbo · Vancouver Sleep Clinic - Running In A Dream","","","Liked videos","Favorite",""
"Eli & Fur - Otherside (Nils Hoffmann Remix)","","","Liked videos","Favorite",""
"Eli & Fur - Fire To Fire","","","Liked videos","Favorite",""
"Eli & Fur - Night Blooming Jasmine (Rodriguez Jr. Remix Edit)","","","Liked videos","Favorite",""
"Eli & Fur - Broken Parts","","","Liked videos","Favorite",""
"MEDUZA · Eli & Fur - Pegasus","","","Liked videos","Favorite",""
"Eli & Fur - You’re So High (10 Years On)","","","Liked videos","Favorite",""
"Tinlicker · Panama - Fade Into Black (Club Mix)","","","Liked videos","Favorite",""
"Tinlicker - Watching Over You (Extended Mix)","","","Liked videos","Favorite",""
"Tinlicker - Past Life (Extended Mix)","","","Liked videos","Favorite",""
"Tinlicker feat. Thomas Oliver - Soon You'll Be Gone","","","Liked videos","Favorite",""
"Tinlicker · Ben Böhmer - Voodoo (Mixed)","","","Liked videos","Favorite",""
"Tinlicker · Hero Baldwin - Rebirth","","","Liked videos","Favorite",""
"Tinlicker - Fractal","","","Liked videos","Favorite",""
"Ben Böhmer · Tinlicker · Felix Raphael - Run Away (Extended Mix)","","","Liked videos","Favorite",""
"Tinlicker - Lost Gravity","","","Liked videos","Favorite",""
"Children (Edit Mix)","","","Liked videos","Favorite",""
"Tinlicker · Helsloot - Because You Move Me","","","Liked videos","Favorite",""
"Sultan + Shepard · Nathan Nicholson - Naama","","","Liked videos","Favorite",""
"Disclosure - Help Me Lose My Mind (Mazde Remix)","","","Liked videos","Favorite",""
"Nox Vahn · Marsh - Come Together","","","Liked videos","Favorite",""
"RÜFÜS DU SOL - You Were Right","","","Liked videos","Favorite",""
"Reflekt · Delline Bass - Need To Feel Loved (Adam K & Soha Vocal Mix)","","","Liked videos","Favorite",""
"CamelPhat · Cristoph · Jem Cooke - Breathe","","","Liked videos","Favorite",""
"Sultan + Shepard - You Are My High","","","Liked videos","Favorite",""
"Kid Francescoli · Julia Minkin - Moon (And It Went Like)","","","Liked videos","Favorite",""
"MBNN & Rowald Steyn - ilomilo (Billie Eilish)","","","Liked videos","Favorite",""
"The Crystal Method · Hyper · Iggy Pop - Post Punk","","","Liked videos","Favorite",""
"Ben Böhmer - After Earth","","","Liked videos","Favorite",""
"Coldplay - A Sky Full of Stars","","","Liked videos","Favorite",""
"Cassian - The Rise","","","Liked videos","Favorite",""
"Ben Böhmer · Jonah - Hunting","","","Liked videos","Favorite",""
"Luttrell - Music For My Memories","","","Liked videos","Favorite",""
"Yotto feat. Vök - The One You Left Behind","","","Liked videos","Favorite",""
"Lane 8 - Closer (Falden Remix)","","","Liked videos","Favorite",""
"Jan Blomqvist · Elena Pitoulis - More","","","Liked videos","Favorite",""
"Ben Böhmer - Maelstrom","","","Liked videos","Favorite",""
"Ben Böhmer · Jan Blomqvist - Decade","","","Liked videos","Favorite",""
"Jan Blomqvist · Aparde - Drift","","","Liked videos","Favorite",""
"Jan Blomqvist - Synth For The Devil","","","Liked videos","Favorite",""
"Jan Blomqvist - Carry On","","","Liked videos","Favorite",""
"Jan Blomqvist - Maybe Not","","","Liked videos","Favorite",""
"Oliver Schories & Jan Blomqvist · Oliver Schories · Jan Blomqvist - Packard (Blomqvist & Schories Sunrise Edit)","","","Liked videos","Favorite",""
"Jan Blomqvist - Empty Floor","","","Liked videos","Favorite",""
"Jan Blomqvist · The Bianca Story - Dancing People Are Never Wrong","","","Liked videos","Favorite",""
"Jan Blomqvist · Alar · Korolova - Time Again","","","Liked videos","Favorite",""
"Jan Blomqvist - Same Mistake (But Different Remix)","","","Liked videos","Favorite",""
"Jan Blomqvist - Our Broken Mind Embassy","","","Liked videos","Favorite",""
"Enamour - Catalyst","","","Liked videos","Favorite",""
"Krakota · Karina Ramage - Pull Me In","","","Liked videos","Favorite",""
"Sigma · MORGAN - Adrenaline Rush (Subsonic Remix)","","","Liked videos","Favorite",""
"Camo & Krooked · Metrik - Aurora (feat. Metrik) (Justin Hawkes Remix)","","","Liked videos","Favorite",""
"A beautiful white blanket 🌫️#dndmusic #fantasymusic #videogamemusic #flutemusic #tabletopgaming","","","Liked videos","Favorite",""
"Telomic · Susan H - Underwater","","","Liked videos","Favorite",""
"Faux Tales - Mirage","","","Liked videos","Favorite",""
"Sota · Circadian · Mila Falls - Mesmer","","","Liked videos","Favorite",""
"Circadian - Body Work","","","Liked videos","Favorite",""
"Avoure - Aura","","","Liked videos","Favorite",""
"Polygon - Hypnotize","","","Liked videos","Favorite",""
"Polygon - Real Life","","","Liked videos","Favorite",""
"Jan Blomqvist - Canopée des Cîmes","","","Liked videos","Favorite",""
"Maduk · Jelvin - Transformations","","","Liked videos","Favorite",""
"Krakota · Fred V · Tudor - Back To Me","","","Liked videos","Favorite",""
"Millbrook · Nova Sky - Choices (feat. Nova Sky)","","","Liked videos","Favorite",""
"Mohican Sun - Darkest Hour","","","Liked videos","Favorite",""
"Andromedik - Better With You","","","Liked videos","Favorite",""
"Pythius - BBT","","","Liked videos","Favorite",""
"Black Sun Empire · Pythius - Scarif","","","Liked videos","Favorite",""
"Camo & Krooked - Loa (Fade Black Remix)","","","Liked videos","Favorite",""
"Vibe Chemistry - Balling (LÄUFF Remix)","","","Liked videos","Favorite",""
"Koven - Chase The Sun","","","Liked videos","Favorite",""
"Fred V · DNMO · Lottie Jones - Closer","","","Liked videos","Favorite",""
"Grafix · Ruth Royall - Alone","","","Liked videos","Favorite",""
"Metrik · Grafix - Parallel","","","Liked videos","Favorite",""
"Grafix · Flowidus - Submarine","","","Liked videos","Favorite",""
"Vibe Chemistry · Songer · Mr Traumatik · Devilman · OneDa - Balling (feat. Songer, Mr Traumatik, Devilman & OneDa) (Edit)","","","Liked videos","Favorite",""
"Andromedik · Imallryt - Running","","","Liked videos","Favorite",""
"Bonobo - Flutter","","","Liked videos","Favorite",""
"Bru-C - No Excuses","","","Liked videos","Favorite",""
"CamelPhat · Jake Bugg - Be Someone","","","Liked videos","Favorite",""
"Camo & Krooked · Mira Lu Kovacs - No Way Out (feat. Mira Lu Kovacs) (RageMode Remix)","","","Liked videos","Favorite",""
"Metrik - Immortal","","","Liked videos","Favorite",""
"Pendulum · Bullet For My Valentine · Urbandawn - Halo (Urbandawn Remix)","","","Liked videos","Favorite",""
"Maduk - One Way","","","Liked videos","Favorite",""
"Fred V & Grafix - Hydra (Chords Remix)","","","Liked videos","Favorite",""
"Gold Dust Mandidextrous Remix (DnB)","","","Liked videos","Favorite",""
"goddard. · Bailey - Afterlife (feat. Bailey)","","","Liked videos","Favorite",""
"Luude · Dear Sunday · Moss - Wanna Stay (feat. Dear Sunday) (Moss Extended Remix)","","","Liked videos","Favorite",""
"TSUKI - Over","","","Liked videos","Favorite",""
"Etherwood - American Fruity","","","Liked videos","Favorite",""
"Delta Heavy - Ascend","","","Liked videos","Favorite",""
"small song idea","","","Liked videos","Favorite",""
"Andromedik · Voicians - Won't Let Go (Used Remix)","","","Liked videos","Favorite",""
"Netsky · Hybrid Minds · Grafix - Let Me Hold You (Grafix Remix)","","","Liked videos","Favorite",""
"Black Eyed Peas · Daddy Yankee · CLMD - BAILAR CONTIGO (CLMD Remix)","","","Liked videos","Favorite",""
"David Guetta · Anne-Marie · Coi Leray - Baby Don't Hurt Me (Robin Schulz Remix)","","","Liked videos","Favorite",""
"Document One - Cheap Shot","","","Liked videos","Favorite",""
"Bonobo Live At Royal Albert Hall","","","Liked videos","Favorite",""
"Fatboy Slim - Gangster Trippin (Sultan + Shepard Remix)","","","Liked videos","Favorite",""
"Sub Focus · Culture Shock - Airplane (Culture Shock Remix)","","","Liked videos","Favorite",""
"Flume ft. Vera Blue - Rushing Back (Ekko & Sidetrack Bootleg)","","","Liked videos","Favorite",""
"Luude · Bru-C · Kevin Lyttle - TMO (Turn Me On) (feat. Kevin Lyttle)","","","Liked videos","Favorite",""
"Hybrid Minds · Grace Grundy · Emma Rohan · Joe Kearns · Josh White · Matt Lowe - Bad To Me (feat. Grace Grundy)","","","Liked videos","Favorite",""
"Armin van Buuren · Punctual · Alika - On & On (Extended Mix)","","","Liked videos","Favorite",""
"Sigala · Bryn Christopher - Sweet Lovin' (Extended Mix)","","","Liked videos","Favorite",""
"Polaris - Deliverance","","","Liked videos","Favorite",""
"Maduk · Calixte - Everytime","","","Liked videos","Favorite",""
"Sigala · Bryn Christopher - Sweet Lovin' (Original Mix)","","","Liked videos","Favorite",""
"Fox Stevenson - All Eyes On Me","","","Liked videos","Favorite",""
"Ben Böhmer - Zeit & Raum (ABGT394)","","","Liked videos","Favorite",""
"Sub Focus · AR/CO - Vibration (One More Time)","","","Liked videos","Favorite",""
"Sub Focus · Wilkinson · Cameron Hayes - Enter Night (Sub Focus & Wilkinson)","","","Liked videos","Favorite",""
"Colin Stetson · Chloe Eustache · Greg Fox · Matt Combs - All Aboard (from ""The Menu"" Soundtrack)","","","Liked videos","Favorite",""
"Jan Blomqvist · Elena Pitoulis - More","","","Liked videos","Favorite",""
"Camo & Krooked · Mira Lu Kovacs - No Way Out (feat. Mira Lu Kovacs)","","","Liked videos","Favorite",""
"Killer Hertz - Prometheus","","","Liked videos","Favorite",""
"Metrik - Solar","","","Liked videos","Favorite",""
"Tesen - Us","","","Liked videos","Favorite",""
"Friction · Poppy Baskcomb - Falling Down","","","Liked videos","Favorite",""
"Bert H - Old Days Were Better","","","Liked videos","Favorite",""
"The Crystal Method · Wenzday - Chemical Mentalist","","","Liked videos","Favorite",""
"Teho - Behind Me","","","Liked videos","Favorite",""
"Maduk - Go Back To The Jungle","","","Liked videos","Favorite",""
"Dimension - Whip Slap","","","Liked videos","Favorite",""
"Fox Stevenson - Broken Man","","","Liked videos","Favorite",""
"Deekline · Ed Solo · Kalum · Kalum - I Need A Dollar (Kalum Remix)","","","Liked videos","Favorite",""
"Ed Solo · Deekline - I Need A Dollar","","","Liked videos","Favorite",""
"Ed Solo · Deekline - Bam Bam (Serial Killaz Remix)","","","Liked videos","Favorite",""
"Delta Heavy - Kill Room","","","Liked videos","Favorite",""
"Pythius · Black Sun Empire - Kepler","","","Liked videos","Favorite",""
"Delta Heavy · Jem Cooke - Heaven","","","Liked videos","Favorite",""
"Culture Shock - Rise","","","Liked videos","Favorite",""
"Benny Page · Leo Wood - One Time (Too Hot)","","","Liked videos","Favorite",""
"Drumsound & Bassline Smith - Galaxy Dub","","","Liked videos","Favorite",""
"Sub Focus · Dimension - Ready To Fly (Sub Focus & Dimension)","","","Liked videos","Favorite",""
"Delta Heavy · Jem Cooke - Heaven","","","Liked videos","Favorite",""
"Delta Heavy · Lauren L'aimant - Against The Tide","","","Liked videos","Favorite",""
"Delta Heavy - No Gravity","","","Liked videos","Favorite",""
"Fred V & Grafix - Basilisk","","","Liked videos","Favorite",""
"Koven - More Than You","","","Liked videos","Favorite",""
"Delta Heavy - The World Is Yours","","","Liked videos","Favorite",""
"Camo & Krooked · Joe Killington - If I Could (feat. Joe Killington)","","","Liked videos","Favorite",""
"Culture Shock - Steam Machine","","","Liked videos","Favorite",""
"The Crystal Method - Vapor Trail","","","Liked videos","Favorite",""
"Dj Fresh · Bou · Used - Gold Dust (Bou & Used Remix)","","","Liked videos","Favorite",""
"BLVCK CROWZ · ESKEI83 - LIFT YOU UP","","","Liked videos","Favorite",""
"Alpha Rhythm · Ritual - Downcast","","","Liked videos","Favorite",""
"Koven - Worlds Collide","","","Liked videos","Favorite",""
"Culture Shock - Pandemic","","","Liked videos","Favorite",""
"Above & Beyond - Sun In Your Eyes (Spencer Brown Remix)","","","Liked videos","Favorite",""
"Kanine · Fergus Bossert · Fergus Bossert - Higher","","","Liked videos","Favorite",""
"Flite - Tragedy, Humanity","","","Liked videos","Favorite",""
"Culture Shock - Panorama","","","Liked videos","Favorite",""
"Ultra Naté · Mood II Swing - Free (Mood II Swing Radio Edit)","","","Liked videos","Favorite",""
"Calvin Harris · Disciples - How Deep Is Your Love","","","Liked videos","Favorite",""
"Fatboy Slim · Friction · Killer Hertz - Right Here, Right Now (Friction & Killer Hertz Remix)","","","Liked videos","Favorite",""
"Hugh Hardie · Phaction · Javeon - Got U Wrong","","","Liked videos","Favorite",""
"Wilkinson · Sharlene Hector - I Believe","","","Liked videos","Favorite",""
"DC Breaks · Prolix - Infinity VIP","","","Liked videos","Favorite",""
"The Chemical Brothers - One Too Many Mornings","","","Liked videos","Favorite",""
"ODESZA · Naomi Wild - Higher Ground (feat. Naomi Wild)","","","Liked videos","Favorite",""
"Lykke Li - I Follow Rivers (The Magician Remix)","","","Liked videos","Favorite",""
"Télépopmusik · Angela McCluskey - Breathe","","","Liked videos","Favorite",""
"Parra for Cuva · Anna Naklab - Wicked Games (feat. Anna Naklab) (Radio Edit)","","","Liked videos","Favorite",""
"Kygo · Ella Henderson - Here for You","","","Liked videos","Favorite",""
"Massive Attack · Elizabeth Fraser - Teardrop","","","Liked videos","Favorite",""
"Felix Jaehn · Jasmine Thompson - Ain't Nobody (Loves Me Better)","","","Liked videos","Favorite",""
"The Chainsmokers · ROZES - Roses","","","Liked videos","Favorite",""
"Kygo · Conrad Sewell - Firestone","","","Liked videos","Favorite",""
"Disclosure · Sam Smith - Latch","","","Liked videos","Favorite",""
"Alan Walker - Faded","","","Liked videos","Favorite",""
"Calyx & TeeBee - Long Gone","","","Liked videos","Favorite",""
"Neonlight · Receptor - 800-Pound Gorilla (2020 Remaster)","","","Liked videos","Favorite",""
"Hybrid Minds · Alexa Harley - Phoenix","","","Liked videos","Favorite",""
"Wilkinson · Iiola - Close Your Eyes","","","Liked videos","Favorite",""
"Culture Shock - Lost","","","Liked videos","Favorite",""
"Noisia · Camo & Krooked - Nova","","","Liked videos","Favorite",""
"Current Value · Screamarts - Knock Knock","","","Liked videos","Favorite",""
"Black Sun Empire · State Of Mind - Caterpillar (Drumsound & Bassline Smith Remix)","","","Liked videos","Favorite",""
"Black Sun Empire · State Of Mind - Ego","","","Liked videos","Favorite",""
"Black Sun Empire · State Of Mind · Virus Syndicate - Caterpillar","","","Liked videos","Favorite",""
"Black Sun Empire · State Of Mind - Pull the Trigger","","","Liked videos","Favorite",""
"Pythius · Coppa - Hand Grenade","","","Liked videos","Favorite",""
"Pythius - Burn 'Em Down","","","Liked videos","Favorite",""
"Teddy Killerz · Celldweller - Clone","","","Liked videos","Favorite",""
"Teddy Killerz - Quasar","","","Liked videos","Favorite",""
"Drumsound · Bassline Smith · Teddy Killerz - Metal and Blood","","","Liked videos","Favorite",""
"Gydra - Lava Run","","","Liked videos","Favorite",""
"1991 - Full Send","","","Liked videos","Favorite",""
"Metrik · Grafix - Parallel","","","Liked videos","Favorite",""
"The Killers - The Man","","","Liked videos","Favorite",""
"RÜFÜS DU SOL - New Sky","","","Liked videos","Favorite",""
"Subsonic · Ruth Royall - Hold On","","","Liked videos","Favorite",""
"Vibe Chemistry - Baddest","","","Liked videos","Favorite",""
"Wilkinson · Kanine · Clementine Douglas - No One Else","","","Liked videos","Favorite",""
"Sub Focus · Wilkinson · Empara Mi - Freedom (Sub Focus x Wilkinson x High Contrast Remix)","","","Liked videos","Favorite",""
"Sub Focus · Wilkinson - Illuminate (Extended Mix)","","","Liked videos","Favorite",""
"Gydra - Problem (Original Mix)","","","Liked videos","Favorite",""
"Cartoon · Jéja · Andromedik · Asena - Howling (Andromedik Remix)","","","Liked videos","Favorite",""
"Noisia and The Upbeats - Dead Limit","","","Liked videos","Favorite",""
"Sub Focus · Wilkinson - Air I Breathe (Sub Focus & Wilkinson)","","","Liked videos","Favorite",""
"Qo · Trilo - Push It To The Limit","","","Liked videos","Favorite",""
"Flowidus · Trei · Linguistics - Don't Breathe In","","","Liked videos","Favorite",""
"Tantrum Desire - Unleashed","","","Liked videos","Favorite",""
"Harriet Jaxxon - The Sound","","","Liked videos","Favorite",""
"Dimension - Techno","","","Liked videos","Favorite",""
"Metrik - Automata","","","Liked videos","Favorite",""
"The Prototypes · TC · DC Breaks - Species (DC Breaks Remix)","","","Liked videos","Favorite",""
"Dimension · Culture Shock - Don’t Sleep","","","Liked videos","Favorite",""
"Delta Heavy · MUZZ · Murdock - Revenge (Murdock Remix)","","","Liked videos","Favorite",""
"Gydra - Ikra (Original Mix)","","","Liked videos","Favorite",""
"Noisia · The Upbeats - Dustup","","","Liked videos","Favorite",""
"Black Sun Empire · State Of Mind · Pnc - Until the World Ends feat. PNC","","","Liked videos","Favorite",""
"Dillinja - Hard Noize (Break Remix)","","","Liked videos","Favorite",""
"Culture Shock - Deconstruct","","","Liked videos","Favorite",""
"Black Sun Empire · Pythius - Scarif","","","Liked videos","Favorite",""
"Lexurus · Rhode - Magnify","","","Liked videos","Favorite",""
"Alexa Harley · Hybrid Minds - Solitude (Extended Mix)","","","Liked videos","Favorite",""
"Dawn Wall - Rain God","","","Liked videos","Favorite",""
"Sub Focus - Off The Ground","","","Liked videos","Favorite",""
"ODESZA · Bettye LaVette - The Last Goodbye (feat. Bettye LaVette)","","","Liked videos","Favorite",""
"Fox Stevenson - Bruises","","","Liked videos","Favorite",""
"Sub Focus - Endorphins (Ft. Alex Clare) (Sub Focus vs Fred V & Grafix Remix)","","","Liked videos","Favorite",""
"BLVCK CROWZ · Eskei83 - TAKING IT HIGHER","","","Liked videos","Favorite",""
"Jon Hopkins - Emerald Rush","","","Liked videos","Favorite",""
"Floex - Veronika's Dream (Official)","","","Liked videos","Favorite",""
"Pendulum - Out Here","","","Liked videos","Favorite",""
"Massive Attack · Mos Def - I Against I","","","Liked videos","Favorite",""
"Pandemonium (Original Mix)","","","Liked videos","Favorite",""
"Maduk · Lexurus - Ready Now (Lexurus Remix)","","","Liked videos","Favorite",""
"Thomas Newman - Hypertrophic","","","Liked videos","Favorite",""
"Wilkinson · Issey Cross - Used to This","","","Liked videos","Favorite",""
"Weval - Someday","","","Liked videos","Favorite",""
"Ben Böhmer · Spencer Brown - Phases (Extended Mix)","","","Liked videos","Favorite",""
"BLVCK CROWZ - ALL FALLS DOWN","","","Liked videos","Favorite",""
"CharlestheFirst - Step / Time","","","Liked videos","Favorite",""
"Ben Böhmer & Timo Jahns - Lifespan","","","Liked videos","Favorite",""
"K Motionz · Emily Makis - High Note","","","Liked videos","Favorite",""
"Nelver - Heatwave","","","Liked videos","Favorite",""
"Jan Blomqvist · The Bianca Story - Dancing People Are Never Wrong","","","Liked videos","Favorite",""
"Faux Tales ft. - Avalon","","","Liked videos","Favorite",""
"Grafix - Radiance","","","Liked videos","Favorite",""
"YUSSI - BREAK","","","Liked videos","Favorite",""
"Koven - Butterfly Effect (VIP)","","","Liked videos","Favorite",""
"Becky Hill · Wilkinson - Here For You","","","Liked videos","Favorite",""
"Sigma · Shakka - Rest Of My Life (Rollout Mix)","","","Liked videos","Favorite",""
"Fox Stevenson - Knowhow","","","Liked videos","Favorite",""
"RJD2 - Ghostwriter","","","Liked videos","Favorite",""
"Marshmello · Bastille - Happier","","","Liked videos","Favorite",""
"Jan Blomqvist - Back In The Taxi (AMÉMÉ Midnight Remix)","","","Liked videos","Favorite",""
"Blaine Stranger · Solomon France · Venjent - Rewind","","","Liked videos","Favorite",""
"Little People - Electrickery","","","Liked videos","Favorite",""
"A Forest Mighty Black - Rebirth","","","Liked videos","Favorite",""
"Monkey3 · Boris De Piante · Guillaume Desboeufs · Kevin Richard · Walter Albrecht - Spirals","","","Liked videos","Favorite",""
"Charlotte Haining · Deadline - Carried Away [Deadline Remix]","","","Liked videos","Favorite",""
"Prospa · Dimension - WANT NEED LOVE (Dimension Remix)","","","Liked videos","Favorite",""
"Fox Stevenson - Like You","","","Liked videos","Favorite",""
"Ekko & Sidetrack - Synchronise","","","Liked videos","Favorite",""
"Subsonic - Emotions","","","Liked videos","Favorite",""
"Electrosoul System and Liquitek - Stupid Bolids","","","Liked videos","Favorite",""
"Tinlicker - Bird Feeder","","","Liked videos","Favorite",""
"KC & The Sunshine Band - That's the Way (I Like It)","","","Liked videos","Favorite",""
"Metrik - Utopia","","","Liked videos","Favorite",""
"Kove - Power","","","Liked videos","Favorite",""
"Polar Youth · Georgie Allen - All Night (Metrik Remix)","","","Liked videos","Favorite",""
"Sigala · John Newman · Nile Rodgers - Give Me Your Love (Extended Mix)","","","Liked videos","Favorite",""
"deadmau5 · Wolfgang Gartner - Channel 43 (Extended Mix)","","","Liked videos","Favorite",""
"Eric Prydz - Generate (Dimension Remix)","","","Liked videos","Favorite",""
"Jon Hopkins - Light Through The Veins","","","Liked videos","Favorite",""
"InsideInfo · Mefjus - Mythos","","","Liked videos","Favorite",""
"Lil Nas X ft. Billy Ray Cyrus - Old Town Road (DJ Zinc Remix)","","","Liked videos","Favorite",""
"Ben Böhmer · Panama · jamesjamesjames - Weightless (jamesjamesjames Remix)","","","Liked videos","Favorite",""
"InsideInfo · Hybrid Minds - Beneath","","","Liked videos","Favorite",""
"Deadline · Alexa Harley - Never Be Alone","","","Liked videos","Favorite",""
"Eric Prydz · Floyd - Proper Education (Radio Edit)","","","Liked videos","Favorite",""
"Muzzy - Lost Metropolis","","","Liked videos","Favorite",""
"Flite · Audioscribe - Hymn","","","Liked videos","Favorite",""
"A Tergo Lupi - Dawning","","","Liked videos","Favorite",""
"Ben Böhmer - Purple Line","","","Liked videos","Favorite",""
"Ludovico Einaudi - Night (Reimagined by Mercan Dede)","","","Liked videos","Favorite",""
"Joel Schoch - Not Alone","","","Liked videos","Favorite",""
"Joel Schoch - Colored Engine","","","Liked videos","Favorite",""
"DVA play Botanicula - 10th Anniversary Live Concert","","","Liked videos","Favorite",""
"Monolink - Burning Sun","","","Liked videos","Favorite",""
"Andromedik · Voicians - Won't Let Go","","","Liked videos","Favorite",""
"BCee - The Great Scorer","","","Liked videos","Favorite",""
"Ben Böhmer · Luttrell - Gibberish (Live from Printworks London)","","","Liked videos","Favorite",""
"Banaati - Tideline (Extended Mix)","","","Liked videos","Favorite",""
"Archaellum - Reflections","","","Liked videos","Favorite",""
"BLVCK CROWZ · Luke Madness - MOONLOVE","","","Liked videos","Favorite",""
"Nelver - Private Time","","","Liked videos","Favorite",""
"Ekko & Sidetrack · Reija Lee - Long Summer (ShockOne Remix)","","","Liked videos","Favorite",""
"Friction - Good to Me","","","Liked videos","Favorite",""
"CloZee - Carousel Club DJ Set (Electric Forest 2022)","","","Liked videos","Favorite",""
"Culprate - Dawn","","","Liked videos","Favorite",""
"Muzzy - Crescendo (feat. MYLK)","","","Liked videos","Favorite",""
"Cassian · Cassian Stewart Kasimba - The Rise","","","Liked videos","Favorite",""
"Lane 8 & Kidnap Kid - Aba","","","Liked videos","Favorite",""
"Wilkinson · Amber Van Day - Keep Dancing","","","Liked videos","Favorite",""
"DC Breaks · A.M.C · Turno - Vendetta (A.M.C & Turno Remix)","","","Liked videos","Favorite",""
"Bert H - Aadwark","","","Liked videos","Favorite",""
"SYNTVX ERROR - The Coast","","","Liked videos","Favorite",""
"InsideInfo · Hybrid Minds · Laville - Split In 2","","","Liked videos","Favorite",""
"DC Breaks - If This Is Love","","","Liked videos","Favorite",""
"Phonetic - Release Your Mind","","","Liked videos","Favorite",""
"Rome in Silver - Get Lost","","","Liked videos","Favorite",""
"Apashe · Buunshin - Distance (Buunshin Remix)","","","Liked videos","Favorite",""
"Tantrum Desire - Reach (The Prototypes Remix)","","","Liked videos","Favorite",""
"Boxplot - Escape With the Clouds (V.I.P)","","","Liked videos","Favorite",""
"Luude - Butters","","","Liked videos","Favorite",""
"GLXY - Research & Development","","","Liked videos","Favorite",""
"Pegboard Nerds - Speed Of Light (Andy C Remix)","","","Liked videos","Favorite",""
"Polar Youth ft. Georgie Allen - All Night (Metrik Remix)","","","Liked videos","Favorite",""
"Flite - Progression","","","Liked videos","Favorite",""
"Calyx & TeeBee - Caution (ft. Ben Verse)","","","Liked videos","Favorite",""
"Flite - Tragedy, Humanity","","","Liked videos","Favorite",""
"Fade Black · Bastion · Catching Cairo - Shapes","","","Liked videos","Favorite",""
"The Crystal Method feat. Franky Perez · The Crystal Method · Franky Perez - There's a Difference","","","Liked videos","Favorite",""
"Rameses B · L Plus - Open Your Eyes (L Plus Remix)","","","Liked videos","Favorite",""
"Crissy Criss - Need You Now","","","Liked videos","Favorite",""
"BCee & Blu Mar Ten - Grow","","","Liked videos","Favorite",""
"Jan Blomqvist - The Space In Between (Ben Böhmer Remix)","","","Liked videos","Favorite",""
"Kanine · Fergus Bossert · Fergus Bossert - Set It Off","","","Liked videos","Favorite",""
"Sub Focus · Wilkinson · Empara Mi - Freedom (Sub Focus & Wilkinson)","","","Liked videos","Favorite",""
"Grafix · Lauren L'aimant - Feel Alive","","","Liked videos","Favorite",""
"Sub Focus - Timewarp (Dimension Remix)","","","Liked videos","Favorite",""
"ShockOne - Follow Me (Blanke Remix)","","","Liked videos","Favorite",""
"Raise Spirit · Polygon - Don't Let Go (Polygon Remix)","","","Liked videos","Favorite",""
"Culture Shock | Let It Roll 2018","","","Liked videos","Favorite",""
"Friction · Jonny L - Back To Your Roots 2021","","","Liked videos","Favorite",""
"Tinlicker feat. Thomas Oliver - Nothing Without You (Extended Mix)","","","Liked videos","Favorite",""
"Mefjus · Camo & Krooked - Break Away","","","Liked videos","Favorite",""
"Subsonic · Flowidus - Come Around","","","Liked videos","Favorite",""
"Subsonic - Last Time","","","Liked videos","Favorite",""
"Kanine · T-Man · Fergus Bossert · Turner Gresham · Fergus Bossert · Turner Gresham - All Goes Wrong","","","Liked videos","Favorite",""
"Dawn Wall - Devil's Night","","","Liked videos","Favorite",""
"Eric Prydz - Generate","","","Liked videos","Favorite",""
"Above & Beyond · Gemma Hayes - Counting Down The Days (Yotto Remix)","","","Liked videos","Favorite",""
"CloZee - Koto","","","Liked videos","Favorite",""
"Dimension · TS Graye - Remedy (feat. TS Graye)","","","Liked videos","Favorite",""
"Dimension · Sharlene Hector - Saviour (feat. Sharlene Hector)","","","Liked videos","Favorite",""
"Fatboy Slim - Love Island","","","Liked videos","Favorite",""
"Fred V - Paradise","","","Liked videos","Favorite",""
"Machinedrum · Sub Focus - 1000 Miles","","","Liked videos","Favorite",""
"Etherwood - Lulerain","","","Liked videos","Favorite",""
"DC Breaks - Halo","","","Liked videos","Favorite",""
"TSUKI - Over","","","Liked videos","Favorite",""
"Polygon - Feel This Good","","","Liked videos","Favorite",""
"Notion - Hooked","","","Liked videos","Favorite",""
"Wilkinson · Talay Riley - Dirty Love","","","Liked videos","Favorite",""
"Kanine - Want You","","","Liked videos","Favorite",""
"Wilkinson · Detour City - Too Close","","","Liked videos","Favorite",""
"Netsky - Pirate Bay","","","Liked videos","Favorite",""
"Camo & Krooked · Tasha Baxter · Signal · IMANU - Black or White (feat. Tasha Baxter) (IMANU/Signal Remix)","","","Liked videos","Favorite",""
"Wilkinson · Tom Cane - Half Light","","","Liked videos","Favorite",""
"Camo & Krooked - All Night","","","Liked videos","Favorite",""
"Wilkinson · Becky Hill - Afterglow","","","Liked videos","Favorite",""
"Netsky · Hybrid Minds - Let Me Hold You","","","Liked videos","Favorite",""
"Metrik · Grafix - Overdrive","","","Liked videos","Favorite",""
"Wilkinson · HAYLA - I Need (Wilkinson & Metrik Remix)","","","Liked videos","Favorite",""
"Culture Shock - Discotheque","","","Liked videos","Favorite",""
"Netsky · Montell2099 - Mixed Emotions","","","Liked videos","Favorite",""
"Friction · Kanine - Your Love","","","Liked videos","Favorite",""
"Metrik - Gravity","","","Liked videos","Favorite",""
"Delta Heavy · Modestep · The Prototypes - Here With Me (feat. Modestep) (The Prototypes Remix)","","","Liked videos","Favorite",""
"Elderbrook · Bob Moses - Inner Light","","","Liked videos","Favorite",""
"Metrik featuring Rothwell - We Got It (S.P.Y Remix)","","","Liked videos","Favorite",""
"Camo & Krooked · Nihils · Culture Shock - Broken Pieces (feat. Nihils) (Culture Shock Remix)","","","Liked videos","Favorite",""
"Culture Shock - Deconstruct","","","Liked videos","Favorite",""
"Culture Shock · Raphaella - Have It All (feat. Raphaella)","","","Liked videos","Favorite",""
"Dimension - Sensory Division","","","Liked videos","Favorite",""
"ShockOne - Polygon (Dirtyphonics Remix)","","","Liked videos","Favorite",""
"Fourward - Lose Control","","","Liked videos","Favorite",""
"Delta Heavy - The World Is Yours","","","Liked videos","Favorite",""
"Delta Heavy · Koven - FEEL","","","Liked videos","Favorite",""
"Grafix · Reiki Ruawai - Somewhere","","","Liked videos","Favorite",""
"John Murphy - In the House - In a Heartbeat","","","Liked videos","Favorite",""
"Hugh Hardie - Deckard's Chords","","","Liked videos","Favorite",""
"Grafix · Dynamite MC - Black Magic","","","Liked videos","Favorite",""
"Calyx & TeeBee - The Fog","","","Liked videos","Favorite",""
"Document One - Holy Moly","","","Liked videos","Favorite",""
"Witters - Calibrate","","","Liked videos","Favorite",""
"Delta Heavy · Muzzy - Revenge","","","Liked videos","Favorite",""
"The Prototypes - Ten Thousand Feet & Rising","","","Liked videos","Favorite",""
"Camo & Krooked - Ember","","","Liked videos","Favorite",""
"B-Complex - Beautiful Lies","","","Liked videos","Favorite",""
"Calibre - Even If (Original Mix)","","","Liked videos","Favorite",""
"CloZee - Get Up Now","","","Liked videos","Favorite",""
"Wilkinson - Brand New","","","Liked videos","Favorite",""
"Mark Sixma · Willem De Roo - Revolt (ASOT 1067)","","","Liked videos","Favorite",""
"Culture Shock · Sub Focus - Recombine","","","Liked videos","Favorite",""
"Camo & Krooked · Mefjus - Overture","","","Liked videos","Favorite",""
"Kanine · A Little Sound · Fergus Bossert · Abigail Morgan · Fergus Bossert · Abigail Morgan - Back In Time VIP","","","Liked videos","Favorite",""
"Underworld - Born Slippy (Nuxx)","","","Liked videos","Favorite",""
"Sub Focus - Vapourise","","","Liked videos","Favorite",""
"1991 · Cherryade - Out Of My Head (feat. Cherryade)","","","Liked videos","Favorite",""
"Nora En Pure - Morning Dew (Original Mix)","","","Liked videos","Favorite",""
"Eric Prydz - Last Dragon","","","Liked videos","Favorite",""
"Marsh · Leo Wood - My Stripes (Extended Mix)","","","Liked videos","Favorite",""
"LSB - About Tonight","","","Liked videos","Favorite",""
"Delta Heavy - Kill Room","","","Liked videos","Favorite",""
"Wilkinson · Jem Cooke · Pola & Bryson - Fade Away","","","Liked videos","Favorite",""
"Eric Prydz - Opus","","","Liked videos","Favorite",""
"Swedish House Mafia · Sting - Redlight","","","Liked videos","Favorite",""
"Camo & Krooked - All Night","","","Liked videos","Favorite",""
"Bonobo - Linked","","","Liked videos","Favorite",""
"Major Look · Major Look - Too Late","","","Liked videos","Favorite",""
"Pogo - Data & Picard","","","Liked videos","Favorite",""
"Chase & Status · Delilah - Time","","","Liked videos","Favorite",""
"Fatboy Slim - Gangster Trippin","","","Liked videos","Favorite",""
"Tim Deluxe · Sam Obernik - It Just Won't Do (feat. Sam Obernik) (Radio Edit)","","","Liked videos","Favorite",""
"Sabre · Jacko · Edward Crackett · Jack Saunders · Edward Crackett · Jack Saunders - The Pharaoh","","","Liked videos","Favorite",""
"Stanton Warriors - Sky God","","","Liked videos","Favorite",""
"Krafty Kuts - Blow Your Whistle","","","Liked videos","Favorite",""
"MPH - Come Back","","","Liked videos","Favorite",""
"Culture Shock - Get Physical","","","Liked videos","Favorite",""
"Document One · Levela - Steppa","","","Liked videos","Favorite",""
"Kasra · Slay - Let It Slide","","","Liked videos","Favorite",""
"1991 - The People (D & B Mix)","","","Liked videos","Favorite",""
"Enei - Sinking VIP","","","Liked videos","Favorite",""
"ODESZA · MARO - Better Now (feat. MARO)","","","Liked videos","Favorite",""
"Jon Hopkins - Organic Techno Mix","","","Liked videos","Favorite",""
"Jax - Sia's ""Chandelier"" (From A Different Perspective)","","","Liked videos","Favorite",""
"Pentatonix - 90s Dance Medley (Official Video)","","","Liked videos","Favorite",""
"Above & Beyond Acoustic - Full Concert Film Live from Porchester Hall (Official)","","","Liked videos","Favorite",""
"Phibes - Started This Fire (Original Mix)","","","Liked videos","Favorite",""
"Tantrum Desire - Vybez","","","Liked videos","Favorite",""
"Annix - I Like To","","","Liked videos","Favorite",""
"she stole my broccoli casserole recipe – internet drama part 2","","","Liked videos","Favorite",""
"is this available? (attorney general) – internet drama part 1","","","Liked videos","Favorite",""
"15,000 pound horse – internet drama part 5","","","Liked videos","Favorite",""
"Elderbrook - Inner Light with Bob Moses (Official Music Video)","","","Liked videos","Favorite",""
"Yelle - A Cause Des Garcons","","","Liked videos","Favorite",""
"Above & Beyond: Group Therapy 450 live at The Drumsheds, London (Official Set) #ABGT450","","","Liked videos","Favorite",""
"Daft Punk MASHUP - Get Lucky & One More Time","","","Liked videos","Favorite",""
"UKF Drum & Bass: Best of Drum & Bass 2020 Mix","","","Liked videos","Favorite",""
"Rome in Silver - Get Lost [Monstercat Release]","","","Liked videos","Favorite",""
"Data & Picard","","","Liked videos","Favorite",""
"Take On Me (ACAPELLA) - a-ha","","","Liked videos","Favorite",""
"Shy Luv, JONES - Shock Horror (Official Video)","","","Liked videos","Favorite",""
"DRUM & BASS LIVE MIX 2020 | PIONEER DDJ-SX2","","","Liked videos","Favorite",""
"Haywyre - Endlessly (Live Performance) [Monstercat Release]","","","Liked videos","Favorite",""
"Let It Roll 2019 | Official Aftermovie","","","Liked videos","Favorite",""
"Alix Perez feat. Peven Everett & SpectraSoul - Forsaken (Calibre Remix)","","","Liked videos","Favorite",""
"Virtual Self - Ghost Voices (Shadient Edit)","","","Liked videos","Favorite",""
"Zedd - Addicted To A Memory ft. Bahari (Official Audio)","","","Liked videos","Favorite",""
"Danny Byrd - Red Mist VIP","","","Liked videos","Favorite",""
"Deadmau5 Chill Mix 2017 / 2018 Continuous Mix","","","Liked videos","Favorite",""
"Haywyre - Insight (Live Performance) [Monstercat Release]","","","Liked videos","Favorite",""
"It's We are Number One But Every Time They Should Say One It Changes To Different Remix","","","Liked videos","Favorite",""
"[Dubstep] - Grabbitz - Turn Around [Monstercat Release]","","","Liked videos","Favorite",""
"Epic Rap Battle: Nerd vs. Geek","","","Liked videos","Favorite",""
"Nordic Ambient Music [3 hours]","","","Liked videos","Favorite",""
"Fox Stevenson - Sandblast","","","Liked videos","Favorite",""
"Fox Stevenson - Like You","","","Liked videos","Favorite",""
"[Electro] - Rogue - Dynamite [Monstercat Release]","","","Liked videos","Favorite",""
"[Electro] - Noisestorm - Eclipse [Monstercat Free Download]","","","Liked videos","Favorite",""
"Barack Obama vs Mitt Romney. Epic Rap Battles Of History","","","Liked videos","Favorite",""
"[Electro] - Noisestorm - Airwaves [Monstercat Release]","","","Liked videos","Favorite",""
"Jai Ho - Slumdog Millionaire - Peter Hollens Feat. Alaa Wardi","","","Liked videos","Favorite",""
"Katy Perry Medley!!","","","Liked videos","Favorite",""
"""Radioactive"" Imagine Dragons (ft. The Macy Kate Band & Kurt Schneider)","","","Liked videos","Favorite",""
"[Official Video] Starships - Pentatonix (Nicki Minaj Cover)","","","Liked videos","Favorite",""
"Pentatonix - Daft Punk (Official Video)","","","Liked videos","Favorite",""
"Lindsey Stirling & Pentatonix - Radioactive (Imagine Dragons Cover)","","","Liked videos","Favorite",""
"Flux Pavillion - Night Goes On [HD]","","","Liked videos","Favorite",""
"M4SONIC - WEAPON (Launchpad Performance)","","","Liked videos","Favorite",""
"M4SONIC - Virus (Live Launchpad Original)","","","Liked videos","Favorite",""
"""Just A Dream"" by Nelly - Sam Tsui & Christina Grimmie","","","Liked videos","Favorite",""
"Christopher Tin - Baba Yetu (Official Video) feat. Soweto Gospel Choir","","","Liked videos","Favorite",""
"The Witcher 2 Soundtrack - Vergen by Night","","","Liked videos","Favorite",""
"The GAG Quartet - le Internet Medley (OVER 40 MEMES IN ONE SONG)","","","Liked videos","Favorite",""
"KOVEN - MORE THAN YOU (DC BREAKS REMIX)","","","Liked videos","Favorite",""
"Au5 - Singularity","","","Liked videos","Favorite",""
"Au5 - Crystal Mathematics (Ft. Shaz Sparks)","","","Liked videos","Favorite",""
"Mikill Pane - Good Feeling (True Tiger Remix)","","","Liked videos","Favorite",""
"asdfmovie6 song | LilDeuceDeuce","","","Liked videos","Favorite",""
"Lindsey Stirling - Crystallize (Dubstep Violin Original Song)","","","Liked videos","Favorite",""
"The Prodigy Mix (a cappella) - Viva Vox","","","Liked videos","Favorite",""
"C2C - Happy (feat. Derek Martin) (Official Video)","","","Liked videos","Favorite",""
"Dub FX 'NO REST FOR THE WICKED' feat. CAde & Mahesh Vinayakram","","","Liked videos","Favorite",""
"Cage The Elephant - Ain't No Rest For The Wicked","","","Liked videos","Favorite",""
"Liquid Drum n Bass Mix - Spearhead Selection (45mins)","","","Liked videos","Favorite",""
"Röyksopp-Poor Leno","","","Liked videos","Favorite",""
"'The Journey' (2 Hour Drum & Bass Mix)","","","Liked videos","Favorite",""
"Jamie Cullum - Don't Stop the Music","","","Liked videos","Favorite",""
"High Contrast feat Tiësto and Underworld - The First Note Is Silent","","","Liked videos","Favorite",""
"Underworld - Cowgirl / Rez @ Benicasim Festival, 2005-08-04","","","Liked videos","Favorite",""
"Deadmau5 4x4=12 (Continuous Mix) FULL 1 Hour 9 Mins","","","Liked videos","Favorite",""
"The Prodigy - Mindfields.wmv","","","Liked videos","Favorite",""
"Jess Mills - Pixelated People (Wilkinson Remix)","","","Liked videos","Favorite",""
"Toxique  Turn me on","","","Liked videos","Favorite",""
"deadmau5 feat. Chris James - The Veldt","","","Liked videos","Favorite",""
"Knife Party @ UKF 3rd Birthday (Full Archive)","","","Liked videos","Favorite",""
"One Direction - What Makes You Beautiful (Cover)","","","Liked videos","Favorite",""
"Nero - Must Be The Feeling (Delta Heavy Remix)","","","Liked videos","Favorite",""
"Camo & Krooked - Hot Pursuit (Dead Battery Remix)","","","Liked videos","Favorite",""
"Nero - Must Be The Feeling (Kill The Noise Remix)","","","Liked videos","Favorite",""
"Machinae Supremacy - Bouff","","","Liked videos","Favorite",""
"ShockOne - Crucify Me (Part 1) (Ft. Phetsta)","","","Liked videos","Favorite",""
"CJ Bolland - Camargue (Fred V & Grafix Remix)","","","Liked videos","Favorite",""
"the proclaimers/500 miles","","","Liked videos","Favorite",""
"Maverick Sabre - Let Me Go (Roksonix Remix)","","","Liked videos","Favorite",""
"Skrillex - Reptile","","","Liked videos","Favorite",""
"Imogen Heap - ""Just For Now""","","","Liked videos","Favorite",""
"best dubstep ever - Roksonix - (Imogen Heap/ Hide &﻿ Seek Remix)","","","Liked videos","Favorite",""
"Lyre Le Temps - Hold The Night - Electro Swing","","","Liked videos","Favorite",""
"Parov Stelar - The Golden Boy (HQ)","","","Liked videos","Favorite",""
"The Asteroids Galaxy Tour - The Golden Age (4K Official Video)","","","Liked videos","Favorite",""
"Skrillex - Kill Everybody (Official Audio)","","","Liked videos","Favorite",""
"iSQUARE - Hey Sexy Lady (Skrillex Dubstep Remix)","","","Liked videos","Favorite",""
"Tracy Chapman -  Fast Car Featurecast Remix","","","Liked videos","Favorite",""
"Fast car -Tracy Chapman","","","Liked videos","Favorite",""
"Nero - Me And You - Full Official Video (MTA Records)","","","Liked videos","Favorite",""
"STEREO MC'S - conected","","","Liked videos","Favorite",""
"Pendulum - 9000 Miles","","","Liked videos","Favorite",""
"pendulum: girl in the fire","","","Liked videos","Favorite",""
"Chase & Status feat Kano - Against All Odds  - Ram Records - (Music Video)","","","Liked videos","Favorite",""
"Michael Jackson - Thriller (Electro Remix)","","","Liked videos","Favorite",""
"Royksopp - Royksopp Forever","","","Liked videos","Favorite",""
"La Roux - 'In For The Kill' (Skrillex Remix)","","","Liked videos","Favorite",""
"Joburg Jam","","","Liked videos","Favorite",""
"Melodic Wings - Sen King","","","Liked videos","Favorite",""
"Beatboxing flute inspector gadget remix","","","Liked videos","Favorite",""
"Ewa Farna Toužím Guitar cover","","","Liked videos","Favorite",""